0x880b90f0,ArenaDoor::~ArenaDoor
0x880b91c0,ArenaDoor::Construct
0x880b98d0,ArenaDoor::UpdateActive
0x880b98b0,ArenaDoor::EnterActive
0x880b9540,ArenaDoor::Open
0x880b9628,ArenaDoor::ResolveResources
0x880b97c0,ArenaDoor::PlayAnim
0x880b9cb8,ArenaDoor::Reset
0x880b9db0,ArenaDoor::Close
0x880b9fc0,ArenaDoor::HandleAnimEnd
0x880ba258,ArenaDoor::PlayLockAnim
0x88129aa8,BattleArenaControl::DeletingDtor
0x8812a3c8,BattleArenaControl::HandleMessage
0x8812a288,BattleArenaControl::HandleAction
0x88129b18,BattleArenaControl::UpdateActive
0x88129b10,BattleArenaControl::EnterActive
0x88129bd8,BattleArenaControl::StartArena
0x88129b78,BattleArenaControl::EnterFinished
0x88129e18,BattleArenaControl::EndArena
0x88129fa0,BattleArenaControl::ComputeTimeBonus
0x8812a0e0,BattleArenaControl::ScoreFromCountB
0x8812a168,BattleArenaControl::ScoreFromCountA
0x8812a1f0,BattleArenaControl::MedalFromScore
0x883ebdd8,BattleArenaControl::smuiSavedCountB
0x883ca104,BattleArenaControl::smuiArenaState
0x883c21a8,BattleArenaControl::smhArenaControl
0x883c21ac,BattleArenaControl::smuiSavedCheckpointSection
0x883c21b0,BattleArenaControl::smuiSavedCheckpointIndex
0x883ed278,BattleArenaControl::smBestMedal
0x883ed290,BattleArenaControl::smBestScore
0x88266e90,PresenceUtil::SetContextValue
0x88266f10,PresenceUtil::ClearContextValue,force
0x883c99d8,PresenceUtil::smContextValues
0x88129710,HUDPriorityManager::GetTopEntryFlags,force
0x88401170,HUDPriorityManager::smuiEntryCount
0x8840117c,HUDPriorityManager::smEntries
0x88205628,ChallengeManager::ResetRewardFlags
0x880b3bf0,HUDManager::NotifyElementShown
0x881a02a0,HUDArenaResult::UpdateHidden
0x881a02b0,HUDArenaResult::EnterAppear
0x881a0438,HUDArenaResult::UpdateAppear
0x881a0580,HUDArenaResult::EnterMedal
0x881a05a0,HUDArenaResult::UpdateMedal
0x881a06f0,HUDArenaResult::EnterDisappear
0x881a0760,HUDArenaResult::UpdateDisappear
0x881a0840,HUDArenaResult::FillResult
0x881b8270,HUDArenaWave::DeletingDtor
0x881b82d8,HUDArenaWave::Init
0x881b8c50,HUDArenaWave::HandleMessage
0x881b8b10,HUDArenaWave::HandleAction
0x881b8730,HUDArenaWave::EnterHidden
0x881b8780,HUDArenaWave::EnterAppear
0x881b8800,HUDArenaWave::UpdateAppear
0x881b88e0,HUDArenaWave::EnterHold
0x881b88f0,HUDArenaWave::UpdateHold
0x881b89c0,HUDArenaWave::EnterDisappear
0x881b8a30,HUDArenaWave::UpdateDisappear
0x88353db8,HUDArenaSelect::EnterAppear
0x88353fd0,HUDArenaSelect::UpdateAppear
0x88354098,HUDArenaSelect::EnterActive
0x88354130,HUDArenaSelect::ExitActive
0x88354118,HUDArenaSelect::UpdateActive,force
0x883541b8,HUDArenaSelect::EnterConfirm,force
0x883542e0,HUDArenaSelect::EnterDisappear
0x88354350,HUDArenaSelect::UpdateDisappear
0x88354438,HUDArenaSelect::ExitDisappear
0x883549b0,HUDArenaSelect::OnBackToMenu
0x88354458,HUDArenaSelect::HandleInput
0x88354660,HUDArenaSelect::RefreshSelection
0x88354710,HUDArenaSelect::ConfirmSelection
0x88354830,HUDArenaSelect::LaunchArena
0x880a0000,ConstructArray
0x88293620,InitHandleInvalid
0x8813f4e8,HUDUtil::StartScreenFade
0x881effd0,GameManager::SetGameplayDifficulty
0x883c2180,GameManager::smiMinDifficultyPlayed
0x88217e30,GameManager::SetCheckpoint
0x88266c20,SaveDataManager::SnapshotSession
0x88267128,GameManager::ResetLevelState
0x882649a8,PlayerData::ResetSessionData
0x88148d38,PlayerData::ResetCombatData
0x88293770,HUDUtil::GetWndPos
0x88293a00,HUDUtil::SetWndPos
0x8821f808,DLCManager::DeletingDtor
0x882203e0,DLCManager::HandleMessage
0x883ca2c0,OnlineManager::smpSignedInUser
0x881deb88,OnlineManager::DeletingDtor
0x881df210,OnlineManager::HandleMessage
0x881dec10,OnlineManager::UpdateActive
0x881dec58,OnlineManager::HandleSignOut
0x881df050,OnlineManager::HandleSignInStateChange
0x881df168,OnlineManager::HandleStorageDeviceChange
0x883c16af,OnlineManager::smbInGame
0x883ca100,OnlineManager::smbProfileSignedIn
0x883c1720,OnlineManager::smuiSignedInPad
0x881d2188,AchievementManager::Unlock
0x881d1d30,AchievementManager::CheckRewardRatioAchievements
0x881d1e58,AchievementManager::CheckCounterAchievements
0x881d0de8,AchievementManager::ComputeMaxRewardPoints
0x881d0c00,AchievementManager::ComputeEarnedRewardPoints
0x881d0a80,AchievementManager::CountLevelCollectibles
0x881d1168,AchievementManager::ChallengeIndexForReward
0x883c2260,AchievementManager::smhMe
0x883c97c0,AchievementManager::smAchievementIds
0x883cf964,AchievementManager::smUnlockedFlags
0x883ca10c,AchievementManager::smuiCumulativeCounter
0x88356b50,HUDDLCCode::EnterAppear
0x88356cd8,HUDDLCCode::UpdateAppear
0x88356da0,HUDDLCCode::EnterActive
0x88356e20,HUDDLCCode::UpdateActive
0x88356e80,HUDDLCCode::ExitActive
0x883571c8,HUDDLCCode::EnterValidated
0x883572f0,HUDDLCCode::EnterDisappear
0x88357390,HUDDLCCode::UpdateDisappear
0x88357398,HUDDLCCode::ExitDisappear
0x883573b8,HUDDLCCode::HandleInput
0x88357588,HUDDLCCode::Reset
0x8834b400,HUDMOTD::EnterAppear
0x8834b498,HUDMOTD::UpdateAppear
0x8834b560,HUDMOTD::EnterScroll
0x8834b578,HUDMOTD::UpdateScroll
0x8834b640,HUDMOTD::EnterDisappear
0x8834b6b0,HUDMOTD::UpdateDisappear
0x8834b778,HUDMOTD::ExitDisappear
0x8834b798,HUDMOTD::PrepareMessages
0x8834b860,HUDMOTD::SetCurrentMessageText
0x88315390,DropShip::ResolveResources
0x88315478,DropShip::SetupCollision
0x88315b10,DropShip::SetDoorsOpen
0x88315be0,DropShip::StartArrival
0x88315d50,DropShip::HandleAnimEnd
0x883155b0,DropShip::UpdateIdle
0x88315640,DropShip::UpdateArriving
0x883156c0,DropShip::UpdateLanded
0x88315760,DropShip::EnterLanded
0x88315848,DropShip::UpdateDeparting
0x88266af0,BaseModule::HandleMessage
0x882669c8,BaseModule::Register
0x88266a28,BaseModule::Unregister
0x882b5100,BaseModule::DeletingDtor
0x882b3bd8,BaseModule::~BaseModule
0x882b2c30,ObjectShooter::CarryModule_Activate
0x882b2ea0,ObjectShooter::CarryModule_Deactivate
0x882b3a10,ObjectShooter::CarryModule_HandleMessage,force
0x882b3c78,ObjectShooter::Module_BindHero
0x882b3ce8,ObjectShooter::Module_NotifyHero
0x882b3d18,ObjectShooter::ResetHeroState
0x883aa538,ObjectShooter::Module_NotifyDeactivated
0x882b41c8,ObjectShooter::AimModule_Activate
0x882b4378,ObjectShooter::AimModule_Deactivate
0x882b44d8,ObjectShooter::HideHeldObject
0x882b44c8,ObjectShooter::IsThrowing
0x882b5150,ObjectShooter::ThrowModule_Activate
0x882b52c8,ObjectShooter::ThrowModule_Deactivate
0x882b5dc8,ObjectShooter::ThrowModule_HandleMessage
0x882b53c0,ObjectShooter::ThrowModule_Register
0x882b5400,ObjectShooter::ThrowModule_Notify
0x882b5bc0,ObjectShooter::ThrowModule_HandleAnimEnd
0x882b23c8,ObjectShooter::HandleShootRequest
0x881ab650,PatternSpawner::~PatternSpawner
0x881ab7b8,PatternSpawner::GetSpawnCount
0x881ab7d8,PatternSpawner::ResolveTemplate
0x881ab9b8,PatternSpawner::SnapToGround
0x881b8f20,BoxSpawner::Spawn
0x881c8710,EarthquakeZone::Stop
0x881c78f8,CameraUtil::PostCameraShake
0x881c7ea8,EarthquakeZone::UpdateIdle
0x881c7fc0,EarthquakeZone::UpdateActive
0x881c8438,EarthquakeZone::EnterActive
0x881c8508,EarthquakeZone::TriggerQuake
0x881613b8,EnvironmentDestructible::Destroy
0x883c2318,EnvironmentDestructible::smhChunkManager
0x882af750,NoSwingZoneWatcher::~NoSwingZoneWatcher
0x882af8d8,NoSwingZoneWatcher::IsHeroInNoSwingZone
0x882af290,HUDNoWebSwing::DeletingDtor,force
0x882af308,HUDNoWebSwing::Init,force
0x882af360,HUDNoWebSwing::Appear,force
0x882af370,HUDNoWebSwing::GetFadeTime,force
0x882af380,HUDNoWebSwing::Update,force
0x8828da38,BaseHUDElement::GetWnd
0x88174748,SimpleDamageObject::~SimpleDamageObject
0x88174858,SimpleDamageObject::SetActive
0x88174a40,SimpleDamageObject::StopEffects
0x88174ec8,SimpleDamageObject::HandleContact
0x88174ab0,SimpleDamageObject::UpdateInactive
0x88174c20,SimpleDamageObject::EnterInactive
0x88174d08,SimpleDamageObject::UpdateActive
0x88174e20,SimpleDamageObject::EnterActive
0x880b13c0,PSContactPoint_Info::Init
0x88125e68,GameChronometer::DeletingDtor
0x88277378,RumbleManager::DeletingDtor
0x882772e8,RumbleManager::~RumbleManager
0x882773c8,RumbleManager::Init
0x88277da8,RumbleManager::HandleMessage
0x88277a60,RumbleManager::UpdateActive
0x88277510,RumbleManager::ComputeRumbleFromShake
0x882777f0,RumbleManager::ApplyRumble
0x88276f50,ShakeRequest::Init
0x88277018,ShakeRequest::Copy
0x883c1710,RumbleManager::smhMe
0x8840bb28,RumbleManager::smRumbleState
0x883c1691,RumbleManager::smbEnabledPerPad
0x88275218,BaseObject::SetNextState
0x881c1ca0,j_BaseObject::SetNextState
0x8828e5a0,BaseHUDElement::UpdateHidden
0x8828dd90,BaseHUDElement::EnterTransitionIn
0x8828e238,BaseHUDElement::UpdateTransitionIn
0x8828e288,BaseHUDElement::UpdateTransition
0x8828e580,BaseHUDElement::ExitTransition
0x8828e258,BaseHUDElement::UpdateVisible
0x8828eb50,BaseHUDElement::EnterFadeOut,force
0x8828ea78,BaseHUDElement::UpdateFadeOutState,force
0x8828ea00,BaseHUDElement::EnterFade
0x8818b128,HUDGameTimer::DeletingDtor
0x8818b1a0,HUDGameTimer::Init
0x8818b208,HUDGameTimer::HandleMessage
0x88185530,HUDComboInput::DeletingDtor
0x881855a8,HUDComboInput::Init
0x88185708,HUDComboInput::HandleMessage
0x8813e9c8,BaseLogic::DeletingDtor,force
0x882a9fa0,HUDComboMeter::Init,force
0x882aa850,HUDComboMeter::HandleMessage,force
0x882aa450,HUDComboMeter::UpdateComboDisplay
0x882aa620,HUDComboMeter::PlayComboAnim
0x882aa6f8,HUDComboMeter::UpdateHidden
0x882aa780,HUDComboMeter::UpdateActive
0x881d2038,AchievementManager::CheckComboAchievements
0x8840badc,HUDComboMeter::smuiLastFrame
0x88185638,HUDComboInput::SetHintText
0x88219558,HUDTempCutscene::DeletingDtor,force
0x882195d0,HUDTempCutscene::Init,force
0x88219698,HUDTempCutscene::HandleMessage,force
0x882595a8,HUDPriorityManager::DeletingDtor,force
0x88259608,HUDPriorityManager::Construct
0x88259c88,HUDPriorityManager::HandleMessage
0x8825a0e0,HUDPriorityManager::PushEntry
0x883c1744,HUDPriorityManager::smhMe
0x88323610,FreefallSpeedFX::UpdateActive
0x88320cd8,SimpleFloatingObject::DeletingDtor
0x88320d38,SimpleFloatingObject::Init
0x883210f0,SimpleFloatingObject::PostInit
0x881a6688,Simple3DObj::~Simple3DObj
0x8814e8b0,SimpleHaloGameplayObj::DeletingDtor
0x88196078,HomingProjectile::DeletingDtor
0x88185f20,SimpleProjectile::~SimpleProjectile
0x882b2810,SMAnimatedCrawlTrigger::CrawlModule_Init
0x882b30c0,SMAnimatedCrawlTrigger::CrawlModule_EnterPaused
0x882b3178,SMAnimatedCrawlTrigger::CrawlModule_UpdatePaused
0x882b3280,SMAnimatedCrawlTrigger::CrawlModule_EnterCrawling
0x882b3330,SMAnimatedCrawlTrigger::CrawlModule_UpdateCrawling
0x882b35e8,SMAnimatedCrawlTrigger::CrawlModule_PlayFootstepA
0x882b3710,SMAnimatedCrawlTrigger::CrawlModule_PlayFootstepB
0x882b3688,SMAnimatedCrawlTrigger::CrawlModule_NotifyHeroPhase3
0x882b36d0,SMAnimatedCrawlTrigger::CrawlModule_NotifyHeroPhase0
0x882b37b0,SMAnimatedCrawlTrigger::CrawlModule_NotifyHeroPhase2
0x882b34a0,SMAnimatedCrawlTrigger::CrawlModule_InputCallback
0x880a9e48,AudioUtil::PlayCueOnObj
0x8808b5f0,vtbl_SMAnimatedCrawlTrigger_CrawlModule
0x8808b640,vtbl_BaseModule
0x8814eb68,FacialVOTrigger::Init,force
0x8814ecd8,FacialVOTrigger::HandleMessage,force
0x8814ebc0,FacialVOTrigger::HandleAction,force
0x882573e0,FXClutUtil::DeletingDtor,force
0x88257440,FXClutUtil::Init
0x88257ee0,FXClutUtil::HandleMessage
0x88257d70,FXClutUtil::HandleAction
0x882576e0,FXClutUtil::UpdateActive
0x882578e8,FXClutUtil::EnterActive
0x88257950,FXClutUtil::EnterHold
0x88257960,FXClutUtil::UpdateHold
0x88257ac8,FXClutUtil::ClearClut
0x881fa3f8,CameraUtil::SetClut
0x880b2710,EnemiesCrcResolver::DeletingDtor,force
0x880b2788,EnemiesCrcResolver::Init,force
0x883c3bb8,EnemiesCrcResolver::smEnemyHandles
0x883c9fc8,EnemiesCrcResolver::smbResolved
0x883c23c4,EnemiesCrcResolver::smhMe
0x880b89a0,GrabAttackOnBossHelper::DeletingDtor
0x880b8a00,GrabAttackOnBossHelper::Init
0x880b8e80,GrabAttackOnBossHelper::HandleMessage
0x880b8a48,GrabAttackOnBossHelper::UpdateGrab
0x883c23bc,GrabAttackOnBossHelper::smhMe
0x881a1a10,ObjectAnimPlacement::DeletingDtor
0x881a1a70,ObjectAnimPlacement::Init
0x88322920,DynamicFreefallCam::Adjust3DSParallax,force
0x883229d8,DynamicFreefallCam::EnterActive,force
0x88320720,StaticFreefallCam::Adjust3DSParallax,force
0x88320808,StaticFreefallCam::EnterActive,force
0x88320a30,BaseFreefallCam::HandleMessage,force
0x881d4510,BaseCameraControllerSM2011::AnchorToObj,force
